{
	"com.badlogic.gdx.graphics.Color": {
		"white" : { "r": 1, "g": 1, "b": 1, "a": 1 },
		"black" : { "r": 0, "g": 0, "b": 0, "a": 1 },
		"red" :   { "r": 1, "g": 0, "b": 0, "a": 1 },
		"green" : { "r": 0, "g": 1, "b": 0, "a": 1 },
		"blue" :  { "r": 0, "g": 0, "b": 1, "a": 1 },
		"spc-mulai" : { "r":255, "g": 102, "b":0, "a": 1 }
	},
	"com.badlogic.gdx.scenes.scene2d.ui.Image": {
		tiang-default: { drawable: tiang-default },
		ring-default: { drawable: ring-default },
		ring-pie-greentea: { drawable: ring-pie-greentea },
		ring-pie-coklat: { drawable: ring-pie-coklat }
	}
}